ProteinName	PeptideSequence	ModifiedSequence	RetentionTimeCalculatorScore	PrecursorMz	PrecursorCharge	ProductMz	ProductCharge	LibraryIntensity	FragmentIonType	FragmentIonOrdinal	CollisionEnergy	IsotopeLabelType	IsDecoy	Quantitative
iRT standards	VSTEVDAR	VSTEVDAR	-14	438,724706	2	438,724706	2	#N/A	precursor	8	0	light	False	True
iRT standards	VSTEVDAR	VSTEVDAR	-14	438,724706	2	439,226128	2	#N/A	precursor	8	0	light	False	True
iRT standards	VSTEVDAR	VSTEVDAR	-14	438,724706	2	439,727366	2	#N/A	precursor	8	0	light	False	True
iRT standards	STTTGHLIYK	STTTGHLIYK	-9,61	560,803488	2	560,803488	2	#N/A	precursor	10	0	light	False	True
iRT standards	STTTGHLIYK	STTTGHLIYK	-9,61	560,803488	2	561,304952	2	#N/A	precursor	10	0	light	False	True
iRT standards	STTTGHLIYK	STTTGHLIYK	-9,61	560,803488	2	561,80629	2	#N/A	precursor	10	0	light	False	True
iRT standards	EIAQDFK	EIAQDFK	-9,36	425,718893	2	425,718893	2	#N/A	precursor	7	0	light	False	True
iRT standards	EIAQDFK	EIAQDFK	-9,36	425,718893	2	426,220376	2	#N/A	precursor	7	0	light	False	True
iRT standards	EIAQDFK	EIAQDFK	-9,36	425,718893	2	426,721684	2	#N/A	precursor	7	0	light	False	True
iRT standards	SGQGAFGNMCR	SGQGAFGNMC(unimod:4)R	-6,32	592,750407	2	592,750407	2	#N/A	precursor	11	0	light	False	True
iRT standards	SGQGAFGNMCR	SGQGAFGNMC(unimod:4)R	-6,32	592,750407	2	593,251733	2	#N/A	precursor	11	0	light	False	True
iRT standards	SGQGAFGNMCR	SGQGAFGNMC(unimod:4)R	-6,32	592,750407	2	593,751579	2	#N/A	precursor	11	0	light	False	True
iRT standards	VVPGYGHAVLR	VVPGYGHAVLR	4,02	584,33529	2	584,33529	2	#N/A	precursor	11	0	light	False	True
iRT standards	VVPGYGHAVLR	VVPGYGHAVLR	4,02	584,33529	2	584,836719	2	#N/A	precursor	11	0	light	False	True
iRT standards	VVPGYGHAVLR	VVPGYGHAVLR	4,02	584,33529	2	585,338065	2	#N/A	precursor	11	0	light	False	True
iRT standards	QAVDVSPLR	QAVDVSPLR	9,13	492,777273	2	492,777273	2	#N/A	precursor	9	0	light	False	True
iRT standards	QAVDVSPLR	QAVDVSPLR	9,13	492,777273	2	493,278696	2	#N/A	precursor	9	0	light	False	True
iRT standards	QAVDVSPLR	QAVDVSPLR	9,13	492,777273	2	493,779987	2	#N/A	precursor	9	0	light	False	True
iRT standards	AQIWDTAGQER	AQIWDTAGQER	12,63	637,809833	2	637,809833	2	#N/A	precursor	11	0	light	False	True
iRT standards	AQIWDTAGQER	AQIWDTAGQER	12,63	637,809833	2	638,311248	2	#N/A	precursor	11	0	light	False	True
iRT standards	AQIWDTAGQER	AQIWDTAGQER	12,63	637,809833	2	638,812554	2	#N/A	precursor	11	0	light	False	True
iRT standards	AFLIEEQK	AFLIEEQK	16,56	489,26875	2	489,26875	2	#N/A	precursor	8	0	light	False	True
iRT standards	AFLIEEQK	AFLIEEQK	16,56	489,26875	2	489,770247	2	#N/A	precursor	8	0	light	False	True
iRT standards	AFLIEEQK	AFLIEEQK	16,56	489,26875	2	490,271597	2	#N/A	precursor	8	0	light	False	True
iRT standards	ELISNASDALDK	ELISNASDALDK	24,15	638,324982	2	638,324982	2	#N/A	precursor	12	0	light	False	True
iRT standards	ELISNASDALDK	ELISNASDALDK	24,15	638,324982	2	638,826445	2	#N/A	precursor	12	0	light	False	True
iRT standards	ELISNASDALDK	ELISNASDALDK	24,15	638,324982	2	639,327763	2	#N/A	precursor	12	0	light	False	True
iRT standards	LPLQDVYK	LPLQDVYK	27,3	488,279117	2	488,279117	2	#N/A	precursor	8	0	light	False	True
iRT standards	LPLQDVYK	LPLQDVYK	27,3	488,279117	2	488,780618	2	#N/A	precursor	8	0	light	False	True
iRT standards	LPLQDVYK	LPLQDVYK	27,3	488,279117	2	489,281984	2	#N/A	precursor	8	0	light	False	True
iRT standards	TIAMDGTEGLVR	TIAMDGTEGLVR	33,04	631,824094	2	631,824094	2	#N/A	precursor	12	0	light	False	True
iRT standards	TIAMDGTEGLVR	TIAMDGTEGLVR	33,04	631,824094	2	632,325516	2	#N/A	precursor	12	0	light	False	True
iRT standards	TIAMDGTEGLVR	TIAMDGTEGLVR	33,04	631,824094	2	632,826089	2	#N/A	precursor	12	0	light	False	True
iRT standards	FDLMYAK	FDLMYAK	37,17	444,220214	2	444,220214	2	#N/A	precursor	7	0	light	False	True
iRT standards	FDLMYAK	FDLMYAK	37,17	444,220214	2	444,721708	2	#N/A	precursor	7	0	light	False	True
iRT standards	FDLMYAK	FDLMYAK	37,17	444,220214	2	445,221938	2	#N/A	precursor	7	0	light	False	True
iRT standards	LYQVEYAFK	LYQVEYAFK	47,49	580,802957	2	580,802957	2	#N/A	precursor	9	0	light	False	True
iRT standards	LYQVEYAFK	LYQVEYAFK	47,49	580,802957	2	581,304476	2	#N/A	precursor	9	0	light	False	True
iRT standards	LYQVEYAFK	LYQVEYAFK	47,49	580,802957	2	581,805884	2	#N/A	precursor	9	0	light	False	True
iRT standards	EVDIGIPDATGR	EVDIGIPDATGR	41,99	621,819866	2	621,819866	2	#N/A	precursor	12	0	light	False	True
iRT standards	EVDIGIPDATGR	EVDIGIPDATGR	41,99	621,819866	2	622,321308	2	#N/A	precursor	12	0	light	False	True
iRT standards	EVDIGIPDATGR	EVDIGIPDATGR	41,99	621,819866	2	622,822618	2	#N/A	precursor	12	0	light	False	True
iRT standards	YPIEHGIVTNWDDMEK	YPIEHGIVTNWDDMEK	57,15	973,951283	2	973,951283	2	#N/A	precursor	16	0	light	False	True
iRT standards	YPIEHGIVTNWDDMEK	YPIEHGIVTNWDDMEK	57,15	973,951283	2	974,452747	2	#N/A	precursor	16	0	light	False	True
iRT standards	YPIEHGIVTNWDDMEK	YPIEHGIVTNWDDMEK	57,15	973,951283	2	974,953804	2	#N/A	precursor	16	0	light	False	True
iRT standards	FQSLGVAFYR	FQSLGVAFYR	63,47	594,314023	2	594,314023	2	#N/A	precursor	10	0	light	False	True
iRT standards	FQSLGVAFYR	FQSLGVAFYR	63,47	594,314023	2	594,815494	2	#N/A	precursor	10	0	light	False	True
iRT standards	FQSLGVAFYR	FQSLGVAFYR	63,47	594,314023	2	595,316873	2	#N/A	precursor	10	0	light	False	True
iRT standards	DLTDYLMK	DLTDYLMK	69,66	499,746793	2	499,746793	2	#N/A	precursor	8	0	light	False	True
iRT standards	DLTDYLMK	DLTDYLMK	69,66	499,746793	2	500,24828	2	#N/A	precursor	8	0	light	False	True
iRT standards	DLTDYLMK	DLTDYLMK	69,66	499,746793	2	500,748608	2	#N/A	precursor	8	0	light	False	True
iRT standards	IINEPTAAAIAYGLDK	IINEPTAAAIAYGLDK	75,29	830,451245	2	830,451245	2	#N/A	precursor	16	0	light	False	True
iRT standards	IINEPTAAAIAYGLDK	IINEPTAAAIAYGLDK	75,29	830,451245	2	830,952726	2	#N/A	precursor	16	0	light	False	True
iRT standards	IINEPTAAAIAYGLDK	IINEPTAAAIAYGLDK	75,29	830,451245	2	831,454116	2	#N/A	precursor	16	0	light	False	True
iRT standards	SYELPDGQVITIGNER	SYELPDGQVITIGNER	78,1	895,949597	2	895,949597	2	#N/A	precursor	16	0	light	False	True
iRT standards	SYELPDGQVITIGNER	SYELPDGQVITIGNER	78,1	895,949597	2	896,45105	2	#N/A	precursor	16	0	light	False	True
iRT standards	SYELPDGQVITIGNER	SYELPDGQVITIGNER	78,1	895,949597	2	896,952411	2	#N/A	precursor	16	0	light	False	True
iRT standards	VLPSIVNEVLK	VLPSIVNEVLK	90,74	605,873913	2	605,873913	2	#N/A	precursor	11	0	light	False	True
iRT standards	VLPSIVNEVLK	VLPSIVNEVLK	90,74	605,873913	2	606,375404	2	#N/A	precursor	11	0	light	False	True
iRT standards	VLPSIVNEVLK	VLPSIVNEVLK	90,74	605,873913	2	606,876784	2	#N/A	precursor	11	0	light	False	True
iRT standards	YFPTQALNFAFK	YFPTQALNFAFK	105,2	723,874445	2	723,874445	2	#N/A	precursor	12	0	light	False	True
iRT standards	YFPTQALNFAFK	YFPTQALNFAFK	105,2	723,874445	2	724,375948	2	#N/A	precursor	12	0	light	False	True
iRT standards	YFPTQALNFAFK	YFPTQALNFAFK	105,2	723,874445	2	724,877373	2	#N/A	precursor	12	0	light	False	True
iRT standards	DSTLIMQLLR	DSTLIMQLLR	106,83	595,334098	2	595,334098	2	#N/A	precursor	10	0	light	False	True
iRT standards	DSTLIMQLLR	DSTLIMQLLR	106,83	595,334098	2	595,835531	2	#N/A	precursor	10	0	light	False	True
iRT standards	DSTLIMQLLR	DSTLIMQLLR	106,83	595,334098	2	596,336076	2	#N/A	precursor	10	0	light	False	True
iRT standards	AVFPSIVGRPR	AVFPSIVGRPR	120,25	599,856389	2	599,856389	2	#N/A	precursor	11	0	light	False	True
iRT standards	AVFPSIVGRPR	AVFPSIVGRPR	120,25	599,856389	2	600,357809	2	#N/A	precursor	11	0	light	False	True
iRT standards	AVFPSIVGRPR	AVFPSIVGRPR	120,25	599,856389	2	600,85915	2	#N/A	precursor	11	0	light	False	True
iRT standards	LGANSLLDLVVFGR	LGANSLLDLVVFGR	122,16	737,424833	2	737,424833	2	#N/A	precursor	14	0	light	False	True
iRT standards	LGANSLLDLVVFGR	LGANSLLDLVVFGR	122,16	737,424833	2	737,926289	2	#N/A	precursor	14	0	light	False	True
iRT standards	LGANSLLDLVVFGR	LGANSLLDLVVFGR	122,16	737,424833	2	738,42766	2	#N/A	precursor	14	0	light	False	True
iRT standards	DWNVDLIPK	DWNVDLIPK	81,31	550,292756	2	550,292756	2	#N/A	precursor	9	0	light	False	True
iRT standards	DWNVDLIPK	DWNVDLIPK	81,31	550,292756	2	550,794239	2	#N/A	precursor	9	0	light	False	True
iRT standards	DWNVDLIPK	DWNVDLIPK	81,31	550,292756	2	551,295601	2	#N/A	precursor	9	0	light	False	True
iRT standards	WPFWLSPR	WPFWLSPR	96,02	544,787444	2	544,787444	2	#N/A	precursor	8	0	light	False	True
iRT standards	WPFWLSPR	WPFWLSPR	96,02	544,787444	2	545,288923	2	#N/A	precursor	8	0	light	False	True
iRT standards	WPFWLSPR	WPFWLSPR	96,02	544,787444	2	545,790329	2	#N/A	precursor	8	0	light	False	True
