PrecursorMz	ProductMz	LibraryIntensity	RetentionTimeCalculatorScore	ProteinName	PeptideSequence	ModifiedSequence	PrecursorCharge	ProductCharge	FragmentIonType	FragmentIonOrdinal
438,724706	438,724706	#N/A	-12,57	iRT standards	VSTEVDAR	VSTEVDAR	2	2	precursor	8
438,724706	439,226128	#N/A	-12,57	iRT standards	VSTEVDAR	VSTEVDAR	2	2	precursor	8
438,724706	439,727366	#N/A	-12,57	iRT standards	VSTEVDAR	VSTEVDAR	2	2	precursor	8
660,798077	660,798077	#N/A	-8,84	iRT standards	YTQSNSVCYAK	YTQSNSVC(unimod:4)YAK	2	2	precursor	11
660,798077	661,299512	#N/A	-8,84	iRT standards	YTQSNSVCYAK	YTQSNSVC(unimod:4)YAK	2	2	precursor	11
660,798077	661,800169	#N/A	-8,84	iRT standards	YTQSNSVCYAK	YTQSNSVC(unimod:4)YAK	2	2	precursor	11
690,294744	690,294744	#N/A	-6,25	iRT standards	FDDGAGGDNEVQR	FDDGAGGDNEVQR	2	2	precursor	13
690,294744	690,796149	#N/A	-6,25	iRT standards	FDDGAGGDNEVQR	FDDGAGGDNEVQR	2	2	precursor	13
690,294744	691,297431	#N/A	-6,25	iRT standards	FDDGAGGDNEVQR	FDDGAGGDNEVQR	2	2	precursor	13
592,750407	592,750407	#N/A	-7,62	iRT standards	SGQGAFGNMCR	SGQGAFGNMC(unimod:4)R	2	2	precursor	11
592,750407	593,251733	#N/A	-7,62	iRT standards	SGQGAFGNMCR	SGQGAFGNMC(unimod:4)R	2	2	precursor	11
592,750407	593,751579	#N/A	-7,62	iRT standards	SGQGAFGNMCR	SGQGAFGNMC(unimod:4)R	2	2	precursor	11
622,366452	622,366452	#N/A	-2,77	iRT standards	KPLLESGTLGTK	KPLLESGTLGTK	2	2	precursor	12
622,366452	622,867924	#N/A	-2,77	iRT standards	KPLLESGTLGTK	KPLLESGTLGTK	2	2	precursor	12
622,366452	623,369277	#N/A	-2,77	iRT standards	KPLLESGTLGTK	KPLLESGTLGTK	2	2	precursor	12
457,78711	457,78711	#N/A	6,56	iRT standards	QTVAVGVIK	QTVAVGVIK	2	2	precursor	9
457,78711	458,28857	#N/A	6,56	iRT standards	QTVAVGVIK	QTVAVGVIK	2	2	precursor	9
457,78711	458,789894	#N/A	6,56	iRT standards	QTVAVGVIK	QTVAVGVIK	2	2	precursor	9
416,25036	416,25036	#N/A	10,74	iRT standards	STELLIR	STELLIR	2	2	precursor	7
416,25036	416,751813	#N/A	10,74	iRT standards	STELLIR	STELLIR	2	2	precursor	7
416,25036	417,253101	#N/A	10,74	iRT standards	STELLIR	STELLIR	2	2	precursor	7
578,809105	578,809105	#N/A	14,26	iRT standards	HITIFSPEGR	HITIFSPEGR	2	2	precursor	10
578,809105	579,310542	#N/A	14,26	iRT standards	HITIFSPEGR	HITIFSPEGR	2	2	precursor	10
578,809105	579,811875	#N/A	14,26	iRT standards	HITIFSPEGR	HITIFSPEGR	2	2	precursor	10
628,845884	628,845884	#N/A	14,33	iRT standards	VPAINVNDSVTK	VPAINVNDSVTK	2	2	precursor	12
628,845884	629,347335	#N/A	14,33	iRT standards	VPAINVNDSVTK	VPAINVNDSVTK	2	2	precursor	12
628,845884	629,848664	#N/A	14,33	iRT standards	VPAINVNDSVTK	VPAINVNDSVTK	2	2	precursor	12
638,324982	638,324982	#N/A	24,05	iRT standards	ELISNASDALDK	ELISNASDALDK	2	2	precursor	12
638,324982	638,826445	#N/A	24,05	iRT standards	ELISNASDALDK	ELISNASDALDK	2	2	precursor	12
638,324982	639,327763	#N/A	24,05	iRT standards	ELISNASDALDK	ELISNASDALDK	2	2	precursor	12
491,262944	491,262944	#N/A	25,71	iRT standards	TIVMGASFR	TIVMGASFR	2	2	precursor	9
491,262944	491,764366	#N/A	25,71	iRT standards	TIVMGASFR	TIVMGASFR	2	2	precursor	9
491,262944	492,264659	#N/A	25,71	iRT standards	TIVMGASFR	TIVMGASFR	2	2	precursor	9
579,829506	579,829506	#N/A	27,54	iRT standards	GVLLYGPPGTGK	GVLLYGPPGTGK	2	2	precursor	12
579,829506	580,330986	#N/A	27,54	iRT standards	GVLLYGPPGTGK	GVLLYGPPGTGK	2	2	precursor	12
579,829506	580,832356	#N/A	27,54	iRT standards	GVLLYGPPGTGK	GVLLYGPPGTGK	2	2	precursor	12
744,35427	744,35427	#N/A	33,26	iRT standards	TTPSYVAFTDTER	TTPSYVAFTDTER	2	2	precursor	13
744,35427	744,855745	#N/A	33,26	iRT standards	TTPSYVAFTDTER	TTPSYVAFTDTER	2	2	precursor	13
744,35427	745,357104	#N/A	33,26	iRT standards	TTPSYVAFTDTER	TTPSYVAFTDTER	2	2	precursor	13
658,833308	658,833308	#N/A	36,9	iRT standards	LQIWDTAGQER	LQIWDTAGQER	2	2	precursor	11
658,833308	659,334737	#N/A	36,9	iRT standards	LQIWDTAGQER	LQIWDTAGQER	2	2	precursor	11
658,833308	659,836062	#N/A	36,9	iRT standards	LQIWDTAGQER	LQIWDTAGQER	2	2	precursor	11
674,835851	674,835851	#N/A	45,49	iRT standards	HFSVEGQLEFR	HFSVEGQLEFR	2	2	precursor	11
674,835851	675,337294	#N/A	45,49	iRT standards	HFSVEGQLEFR	HFSVEGQLEFR	2	2	precursor	11
674,835851	675,838645	#N/A	45,49	iRT standards	HFSVEGQLEFR	HFSVEGQLEFR	2	2	precursor	11
861,917046	861,917046	#N/A	52,55	iRT standards	ICGDIHGQYYDLLR	IC(unimod:4)GDIHGQYYDLLR	2	2	precursor	14
861,917046	862,418478	#N/A	52,55	iRT standards	ICGDIHGQYYDLLR	IC(unimod:4)GDIHGQYYDLLR	2	2	precursor	14
861,917046	862,919427	#N/A	52,55	iRT standards	ICGDIHGQYYDLLR	IC(unimod:4)GDIHGQYYDLLR	2	2	precursor	14
599,334955	599,334955	#N/A	58,43	iRT standards	FELTGIPPAPR	FELTGIPPAPR	2	2	precursor	11
599,334955	599,836426	#N/A	58,43	iRT standards	FELTGIPPAPR	FELTGIPPAPR	2	2	precursor	11
599,334955	600,337796	#N/A	58,43	iRT standards	FELTGIPPAPR	FELTGIPPAPR	2	2	precursor	11
718,380622	718,380622	#N/A	62,04	iRT standards	FTQAGSEVSALLGR	FTQAGSEVSALLGR	2	2	precursor	14
718,380622	718,88206	#N/A	62,04	iRT standards	FTQAGSEVSALLGR	FTQAGSEVSALLGR	2	2	precursor	14
718,380622	719,383398	#N/A	62,04	iRT standards	FTQAGSEVSALLGR	FTQAGSEVSALLGR	2	2	precursor	14
499,746793	499,746793	#N/A	68,93	iRT standards	DLTDYLMK	DLTDYLMK	2	2	precursor	8
499,746793	500,24828	#N/A	68,93	iRT standards	DLTDYLMK	DLTDYLMK	2	2	precursor	8
499,746793	500,748608	#N/A	68,93	iRT standards	DLTDYLMK	DLTDYLMK	2	2	precursor	8
830,451245	830,451245	#N/A	73,94	iRT standards	IINEPTAAAIAYGLDK	IINEPTAAAIAYGLDK	2	2	precursor	16
830,451245	830,952726	#N/A	73,94	iRT standards	IINEPTAAAIAYGLDK	IINEPTAAAIAYGLDK	2	2	precursor	16
830,451245	831,454116	#N/A	73,94	iRT standards	IINEPTAAAIAYGLDK	IINEPTAAAIAYGLDK	2	2	precursor	16
895,949597	895,949597	#N/A	77,23	iRT standards	SYELPDGQVITIGNER	SYELPDGQVITIGNER	2	2	precursor	16
895,949597	896,45105	#N/A	77,23	iRT standards	SYELPDGQVITIGNER	SYELPDGQVITIGNER	2	2	precursor	16
895,949597	896,952411	#N/A	77,23	iRT standards	SYELPDGQVITIGNER	SYELPDGQVITIGNER	2	2	precursor	16
550,292756	550,292756	#N/A	80,35	iRT standards	DWNVDLIPK	DWNVDLIPK	2	2	precursor	9
550,292756	550,794239	#N/A	80,35	iRT standards	DWNVDLIPK	DWNVDLIPK	2	2	precursor	9
550,292756	551,295601	#N/A	80,35	iRT standards	DWNVDLIPK	DWNVDLIPK	2	2	precursor	9
605,873913	605,873913	#N/A	89,35	iRT standards	VLPSIVNEVLK	VLPSIVNEVLK	2	2	precursor	11
605,873913	606,375404	#N/A	89,35	iRT standards	VLPSIVNEVLK	VLPSIVNEVLK	2	2	precursor	11
605,873913	606,876784	#N/A	89,35	iRT standards	VLPSIVNEVLK	VLPSIVNEVLK	2	2	precursor	11
723,874445	723,874445	#N/A	96,23	iRT standards	YFPTQALNFAFK	YFPTQALNFAFK	2	2	precursor	12
723,874445	724,375948	#N/A	96,23	iRT standards	YFPTQALNFAFK	YFPTQALNFAFK	2	2	precursor	12
723,874445	724,877373	#N/A	96,23	iRT standards	YFPTQALNFAFK	YFPTQALNFAFK	2	2	precursor	12
595,334098	595,334098	#N/A	106,72	iRT standards	DSTLIMQLLR	DSTLIMQLLR	2	2	precursor	10
595,334098	595,835531	#N/A	106,72	iRT standards	DSTLIMQLLR	DSTLIMQLLR	2	2	precursor	10
595,334098	596,336076	#N/A	106,72	iRT standards	DSTLIMQLLR	DSTLIMQLLR	2	2	precursor	10
737,424833	737,424833	#N/A	122,63	iRT standards	LGANSLLDLVVFGR	LGANSLLDLVVFGR	2	2	precursor	14
737,424833	737,926289	#N/A	122,63	iRT standards	LGANSLLDLVVFGR	LGANSLLDLVVFGR	2	2	precursor	14
737,424833	738,42766	#N/A	122,63	iRT standards	LGANSLLDLVVFGR	LGANSLLDLVVFGR	2	2	precursor	14
544,787444	544,787444	#N/A	95,4	iRT standards	WPFWLSPR	WPFWLSPR	2	2	precursor	8
544,787444	545,288923	#N/A	95,4	iRT standards	WPFWLSPR	WPFWLSPR	2	2	precursor	8
544,787444	545,790329	#N/A	95,4	iRT standards	WPFWLSPR	WPFWLSPR	2	2	precursor	8
